 { 
  "flight" : {
	"asd" : {
		"entrance" : [
			{
				"date" : "15-05-21",
				"count" : 5
			},
			{
				"date" : "15-05-21",
				"count" : 2
			},
			{
				"date" : "15-05-21",
				"count" : 3
			},
			{
				"date" : "15-05-21",
				"count" : 3
			},
			{
				"date" : "15-05-21",
				"count" : 0
			},
			{
				"date" : "15-05-21",
				"count" : 0
			},
			{
				"date" : "15-05-21",
				"count" : 1
			},
			{
				"date" : "15-05-21",
				"count" : 0
			},
			{
				"date" : "15-05-21",
				"count" : 0
			}
		],
		"sha" : [
			{
				"date" : "15-05-21",
				"count" : 47
			},
			{
				"date" : "15-05-21",
				"count" : 44
			},
			{
				"date" : "15-05-21",
				"count" : 44
			},
			{
				"date" : "15-05-21",
				"count" : 55
			},
			{
				"date" : "15-05-21",
				"count" : 38
			},
			{
				"date" : "15-05-21",
				"count" : 46
			},
			{
				"date" : "15-05-21",
				"count" : 51
			},
			{
				"date" : "15-05-21",
				"count" : 53
			},
			{
				"date" : "15-05-21",
				"count" : 33
			}
		],
		"boarding" : [
			{
				"date" : "15-05-21",
				"count" : 47
			},
			{
				"date" : "15-05-21",
				"count" : 43
			},
			{
				"date" : "15-05-21",
				"count" : 43
			},
			{
				"date" : "15-05-21",
				"count" : 55
			},
			{
				"date" : "15-05-21",
				"count" : 38
			},
			{
				"date" : "15-05-21",
				"count" : 45
			},
			{
				"date" : "15-05-21",
				"count" : 51
			},
			{
				"date" : "15-05-21",
				"count" : 53
			},
			{
				"date" : "15-05-21",
				"count" : 33
			}
		]
	}
}
}
